<?xml version="1.0" encoding="UTF-8"?>
<project-private xmlns="http://www.netbeans.org/ns/project-private/1">
    <editor-bookmarks xmlns="http://www.netbeans.org/ns/editor-bookmarks/2" lastBookmarkId="0"/>
    <open-files xmlns="http://www.netbeans.org/ns/projectui-open-files/2">
        <group>
            <file>file:/C:/xampp/htdocs/sharinggps/include/db_handler.php</file>
            <file>file:/C:/xampp/htdocs/sharinggps/include/config.php</file>
            <file>file:/C:/xampp/htdocs/sharinggps/v1/index.php</file>
            <file>file:/C:/xampp/htdocs/sharinggps/libs/gcm/push.php</file>
            <file>file:/C:/xampp/htdocs/sharinggps/libs/gcm/gcm.php</file>
        </group>
    </open-files>
</project-private>
